<?xml version="1.0"?>
<!DOCTYPE Configure PUBLIC "-//Jetty//Configure//EN" "http://www.eclipse.org/jetty/configure_9_3.dtd">

<Configure id="Server" class="org.eclipse.jetty.server.Server">


  <!-- ===================================================================== -->
  <!-- Set up infinispan to use protobuf marshalling instead of default.     -->
  <!-- Avoids classloading issues when marshalling/demarshalling webapps     -->
  <!-- that use jetty server classes in their attributes.                    -->
  <!-- ===================================================================== -->

  <New id="properties" class="java.util.Properties">
    <Call name="load">
      <Arg>
      <New class="java.io.FileInputStream">
              <Arg><Property name="jetty.base" default="."/>/resources/hotrod-client.properties</Arg>
          </New>
      </Arg>
    </Call>
  </New>

  <New class="org.infinispan.client.hotrod.configuration.ConfigurationBuilder">
    <Call name="withProperties">
      <Arg><Ref refid="properties"/></Arg>
    </Call>
    <Call name="marshaller">
      <Arg>
          <New class="org.infinispan.client.hotrod.marshall.ProtoStreamMarshaller"/>
       </Arg>
    </Call>
    <Call id="config" name="build"/>
  </New>


  <New id="remoteCacheManager" class="org.infinispan.client.hotrod.RemoteCacheManager">
    <Arg><Ref refid="config"/></Arg>
  </New>

  <Call id="serial_context" class="org.infinispan.client.hotrod.marshall.ProtoStreamMarshaller" name="getSerializationContext">
    <Arg>
      <Ref refid="remoteCacheManager"/>
    </Arg>
    <Call name="registerProtoFiles">
      <Arg>
        <New class="org.infinispan.protostream.FileDescriptorSource">
          <Call name="addProtoFiles">
            <Arg>
              <Array type="java.lang.String">
                <Item>/session.proto</Item>
              </Array>
            </Arg>
          </Call>
        </New>
      </Arg>
    </Call>
    <Call name="registerMarshaller">
      <Arg>
        <New class="org.eclipse.jetty.session.infinispan.SessionDataMarshaller"/>
      </Arg>
    </Call>
  </Call>

  <!-- ===================================================================== -->
  <!-- Get a reference to the remote cache.                                  -->
  <!-- ===================================================================== -->
  <Ref refid="remoteCacheManager">
    <Call id="remoteCache" name="getCache">
      <Arg><Property name="jetty.session.infinispan.remoteCacheName" default="sessions"/></Arg>
    </Call>
  </Ref>

  
  <!-- ===================================================================== -->
  <!-- Configure a factory for InfinispanSessionDataStore using an           -->
  <!-- Infinispan remote cache                                               -->
  <!-- ===================================================================== -->
  <Call name="addBean">
   <Arg>
    <New id="sessionDataStoreFactory" class="org.eclipse.jetty.session.infinispan.InfinispanSessionDataStoreFactory">
       <Set name="cache"><Ref id="remoteCache"/></Set>
       <Set name="infinispanIdleTimeoutSec"><Property name="jetty.session.infinispan.idleTimeout.seconds" default="0" /></Set>
       <Set name="gracePeriodSec"><Property name="jetty.session.gracePeriod.seconds" default="3600" /></Set>
       <Set name="savePeriodSec"><Property name="jetty.session.savePeriod.seconds" default="0" /></Set>
    </New>
   </Arg>
  </Call>
</Configure> 
