<?xml version="1.0" encoding="UTF-8"?>
<!DOCTYPE Configure PUBLIC "-//Jetty//Configure//EN" "http://www.eclipse.org/jetty/configure_9_3.dtd">

<Configure id="unixSocketHttpConfig" class="org.eclipse.jetty.server.HttpConfiguration">
  <Call name="addCustomizer">
    <Arg>
      <New class="org.eclipse.jetty.server.ForwardedRequestCustomizer">
        <Set name="forwardedHostHeader"><Property name="jetty.unixSocketHttpConfig.forwardedHostHeader" default="X-Forwarded-Host"/></Set>
        <Set name="forwardedServerHeader"><Property name="jetty.unixSocketHttpConfig.forwardedServerHeader" default="X-Forwarded-Server"/></Set>
        <Set name="forwardedProtoHeader"><Property name="jetty.unixSocketHttpConfig.forwardedProtoHeader" default="X-Forwarded-Proto"/></Set>
        <Set name="forwardedForHeader"><Property name="jetty.unixSocketHttpConfig.forwardedForHeader" default="X-Forwarded-For"/></Set>
        <Set name="forwardedSslSessionIdHeader"><Property name="jetty.unixSocketHttpConfig.forwardedSslSessionIdHeader" /></Set>
        <Set name="forwardedCipherSuiteHeader"><Property name="jetty.unixSocketHttpConfig.forwardedCipherSuiteHeader" /></Set>
      </New>
    </Arg>
  </Call>
</Configure>

