{"base":{"allActions":[],"allActors":[{"type":"energyWatcher","id":-2.0},{"type":"weatherWatcher","id":-3.0},{"type":"rainMaker","id":-4.0},{"type":"sunMaker","id":-5.0},{"type":"snowMaker","id":-6.0},{"type":"h","name":"g1","id":1.0,"xPos":5.0,"yPos":10.0,"dyProps":{"currentNectar":0.0,"maxNectar":3.0}},{"type":"b","name":"g1","id":2.0,"dyProps":{"currentNectar":0.0,"maxNectar":2.0,"currentEnergy":8.0,"maxEnergy":8.0}},{"type":"b","name":"g1","id":3.0,"dyProps":{"currentNectar":0.0,"maxNectar":2.0,"currentEnergy":8.0,"maxEnergy":8.0}},{"type":"b","name":"g1","id":4.0,"dyProps":{"currentNectar":0.0,"maxNectar":2.0,"currentEnergy":8.0,"maxEnergy":8.0}},{"type":"b","name":"g1","id":5.0,"dyProps":{"currentNectar":0.0,"maxNectar":2.0,"currentEnergy":8.0,"maxEnergy":8.0}},{"type":"b","name":"g1","id":6.0,"dyProps":{"currentNectar":0.0,"maxNectar":2.0,"currentEnergy":8.0,"maxEnergy":8.0}},{"type":"b","name":"g1","id":7.0,"dyProps":{"currentNectar":0.0,"maxNectar":2.0,"currentEnergy":8.0,"maxEnergy":8.0}},{"type":"f","name":"g2","id":8.0,"xPos":40.0,"yPos":10.0,"dyProps":{"currentNectar":3.0,"maxNectar":3.0,"range":6.0}}]},"current":{"allActions":[{"type":"reduceEnergy","actor":-2,"reactor":-2,"objectsCopy":[{"type":"b","name":"g1","id":2.0,"dyProps":{"currentNectar":0.0,"maxNectar":2.0,"currentEnergy":7.0,"maxEnergy":8.0}},{"type":"b","name":"g1","id":3.0,"dyProps":{"currentNectar":0.0,"maxNectar":2.0,"currentEnergy":7.0,"maxEnergy":8.0}},{"type":"b","name":"g1","id":4.0,"dyProps":{"currentNectar":0.0,"maxNectar":2.0,"currentEnergy":7.0,"maxEnergy":8.0}},{"type":"b","name":"g1","id":5.0,"dyProps":{"currentNectar":0.0,"maxNectar":2.0,"currentEnergy":7.0,"maxEnergy":8.0}},{"type":"b","name":"g1","id":6.0,"dyProps":{"currentNectar":0.0,"maxNectar":2.0,"currentEnergy":7.0,"maxEnergy":8.0}},{"type":"b","name":"g1","id":7.0,"dyProps":{"currentNectar":0.0,"maxNectar":2.0,"currentEnergy":7.0,"maxEnergy":8.0}}],"worldCopy":{"startTime":1415826956220,"currentTime":1415826959245,"weather":0,"xPositions":0,"yPositions":0}},{"type":"reduceEnergy","actor":-2,"reactor":-2,"objectsCopy":[{"type":"b","name":"g1","id":2.0,"dyProps":{"currentNectar":0.0,"maxNectar":2.0,"currentEnergy":6.0,"maxEnergy":8.0}},{"type":"b","name":"g1","id":3.0,"dyProps":{"currentNectar":0.0,"maxNectar":2.0,"currentEnergy":6.0,"maxEnergy":8.0}},{"type":"b","name":"g1","id":4.0,"dyProps":{"currentNectar":0.0,"maxNectar":2.0,"currentEnergy":6.0,"maxEnergy":8.0}},{"type":"b","name":"g1","id":5.0,"dyProps":{"currentNectar":0.0,"maxNectar":2.0,"currentEnergy":6.0,"maxEnergy":8.0}},{"type":"b","name":"g1","id":6.0,"dyProps":{"currentNectar":0.0,"maxNectar":2.0,"currentEnergy":6.0,"maxEnergy":8.0}},{"type":"b","name":"g1","id":7.0,"dyProps":{"currentNectar":0.0,"maxNectar":2.0,"currentEnergy":6.0,"maxEnergy":8.0}}],"worldCopy":{"startTime":1415826956220,"currentTime":1415826969244,"weather":0,"xPositions":0,"yPositions":0}},{"type":"reduceEnergy","actor":-2,"reactor":-2,"objectsCopy":[{"type":"b","name":"g1","id":2.0,"dyProps":{"currentNectar":0.0,"maxNectar":2.0,"currentEnergy":5.0,"maxEnergy":8.0}},{"type":"b","name":"g1","id":3.0,"dyProps":{"currentNectar":0.0,"maxNectar":2.0,"currentEnergy":5.0,"maxEnergy":8.0}},{"type":"b","name":"g1","id":4.0,"dyProps":{"currentNectar":0.0,"maxNectar":2.0,"currentEnergy":5.0,"maxEnergy":8.0}},{"type":"b","name":"g1","id":5.0,"dyProps":{"currentNectar":0.0,"maxNectar":2.0,"currentEnergy":5.0,"maxEnergy":8.0}},{"type":"b","name":"g1","id":6.0,"dyProps":{"currentNectar":0.0,"maxNectar":2.0,"currentEnergy":5.0,"maxEnergy":8.0}},{"type":"b","name":"g1","id":7.0,"dyProps":{"currentNectar":0.0,"maxNectar":2.0,"currentEnergy":5.0,"maxEnergy":8.0}}],"worldCopy":{"startTime":1415826956220,"currentTime":1415826979248,"weather":0,"xPositions":0,"yPositions":0}},{"type":"touch","actor":4,"reactor":8,"objectsCopy":[{"type":"b","name":"g1","id":4.0,"dyProps":{"currentNectar":1.0,"maxNectar":2.0,"currentEnergy":4.0,"maxEnergy":8.0}},{"type":"f","name":"g2","id":8.0,"xPos":40.0,"yPos":10.0,"dyProps":{"currentNectar":2.0,"maxNectar":3.0,"range":6.0}}],"worldCopy":{"startTime":1415826956220,"currentTime":1415826979686,"weather":0,"xPositions":0,"yPositions":0}},{"type":"touch","actor":4,"reactor":1,"objectsCopy":[{"type":"b","name":"g1","id":4.0,"dyProps":{"currentNectar":0.0,"maxNectar":2.0,"currentEnergy":3.0,"maxEnergy":8.0}},{"type":"h","name":"g1","id":1.0,"xPos":5.0,"yPos":10.0,"dyProps":{"currentNectar":1.0,"maxNectar":3.0}}],"worldCopy":{"startTime":1415826956220,"currentTime":1415826983568,"weather":0,"xPositions":0,"yPositions":0}},{"type":"reduceEnergy","actor":-2,"reactor":-2,"objectsCopy":[{"type":"b","name":"g1","id":2.0,"dyProps":{"currentNectar":0.0,"maxNectar":2.0,"currentEnergy":4.0,"maxEnergy":8.0}},{"type":"b","name":"g1","id":3.0,"dyProps":{"currentNectar":0.0,"maxNectar":2.0,"currentEnergy":4.0,"maxEnergy":8.0}},{"type":"b","name":"g1","id":4.0,"dyProps":{"currentNectar":0.0,"maxNectar":2.0,"currentEnergy":2.0,"maxEnergy":8.0}},{"type":"b","name":"g1","id":5.0,"dyProps":{"currentNectar":0.0,"maxNectar":2.0,"currentEnergy":4.0,"maxEnergy":8.0}},{"type":"b","name":"g1","id":6.0,"dyProps":{"currentNectar":0.0,"maxNectar":2.0,"currentEnergy":4.0,"maxEnergy":8.0}},{"type":"b","name":"g1","id":7.0,"dyProps":{"currentNectar":0.0,"maxNectar":2.0,"currentEnergy":4.0,"maxEnergy":8.0}}],"worldCopy":{"startTime":1415826956220,"currentTime":1415826989253,"weather":0,"xPositions":0,"yPositions":0}},{"type":"touch","actor":5,"reactor":8,"objectsCopy":[{"type":"b","name":"g1","id":5.0,"dyProps":{"currentNectar":1.0,"maxNectar":2.0,"currentEnergy":3.0,"maxEnergy":8.0}},{"type":"f","name":"g2","id":8.0,"xPos":40.0,"yPos":10.0,"dyProps":{"currentNectar":1.0,"maxNectar":3.0,"range":6.0}}],"worldCopy":{"startTime":1415826956220,"currentTime":1415826992619,"weather":0,"xPositions":0,"yPositions":0}},{"type":"touch","actor":5,"reactor":8,"objectsCopy":[{"type":"b","name":"g1","id":5.0,"dyProps":{"currentNectar":2.0,"maxNectar":2.0,"currentEnergy":2.0,"maxEnergy":8.0}},{"type":"f","name":"g2","id":8.0,"xPos":40.0,"yPos":10.0,"dyProps":{"currentNectar":0.0,"maxNectar":3.0,"range":6.0}}],"worldCopy":{"startTime":1415826956220,"currentTime":1415826994892,"weather":0,"xPositions":0,"yPositions":0}},{"type":"touch","actor":5,"reactor":1,"objectsCopy":[{"type":"b","name":"g1","id":5.0,"dyProps":{"currentNectar":0.0,"maxNectar":2.0,"currentEnergy":1.0,"maxEnergy":8.0}},{"type":"h","name":"g1","id":1.0,"xPos":5.0,"yPos":10.0,"dyProps":{"currentNectar":3.0,"maxNectar":3.0}}],"worldCopy":{"startTime":1415826956220,"currentTime":1415826997899,"weather":0,"xPositions":0,"yPositions":0}},{"type":"reduceEnergy","actor":-2,"reactor":-2,"objectsCopy":[{"type":"b","name":"g1","id":2.0,"dyProps":{"currentNectar":0.0,"maxNectar":2.0,"currentEnergy":3.0,"maxEnergy":8.0}},{"type":"b","name":"g1","id":3.0,"dyProps":{"currentNectar":0.0,"maxNectar":2.0,"currentEnergy":3.0,"maxEnergy":8.0}},{"type":"b","name":"g1","id":4.0,"dyProps":{"currentNectar":0.0,"maxNectar":2.0,"currentEnergy":1.0,"maxEnergy":8.0}},{"type":"b","name":"g1","id":5.0,"dyProps":{"currentNectar":0.0,"maxNectar":2.0,"currentEnergy":0.0,"maxEnergy":8.0}},{"type":"b","name":"g1","id":6.0,"dyProps":{"currentNectar":0.0,"maxNectar":2.0,"currentEnergy":3.0,"maxEnergy":8.0}},{"type":"b","name":"g1","id":7.0,"dyProps":{"currentNectar":0.0,"maxNectar":2.0,"currentEnergy":3.0,"maxEnergy":8.0}}],"worldCopy":{"startTime":1415826956220,"currentTime":1415826999258,"weather":0,"xPositions":0,"yPositions":0}},{"type":"changeSetting","actor":8,"reactor":8,"objectsCopy":[{"type":"f","name":"g2","id":8.0,"xPos":40.0,"yPos":10.0,"dyProps":{"currentNectar":4.0,"maxNectar":4.0,"range":8.0}}],"worldCopy":{"startTime":1415826956220,"currentTime":1415827006207,"weather":0,"xPositions":0,"yPositions":0}},{"type":"reduceEnergy","actor":-2,"reactor":-2,"objectsCopy":[{"type":"b","name":"g1","id":2.0,"dyProps":{"currentNectar":0.0,"maxNectar":2.0,"currentEnergy":2.0,"maxEnergy":8.0}},{"type":"b","name":"g1","id":3.0,"dyProps":{"currentNectar":0.0,"maxNectar":2.0,"currentEnergy":2.0,"maxEnergy":8.0}},{"type":"b","name":"g1","id":4.0,"dyProps":{"currentNectar":0.0,"maxNectar":2.0,"currentEnergy":0.0,"maxEnergy":8.0}},{"type":"b","name":"g1","id":6.0,"dyProps":{"currentNectar":0.0,"maxNectar":2.0,"currentEnergy":2.0,"maxEnergy":8.0}},{"type":"b","name":"g1","id":7.0,"dyProps":{"currentNectar":0.0,"maxNectar":2.0,"currentEnergy":2.0,"maxEnergy":8.0}}],"worldCopy":{"startTime":1415826956220,"currentTime":1415827009262,"weather":0,"xPositions":0,"yPositions":0}},{"type":"reviveBee","actor":5,"reactor":5,"objectsCopy":[{"type":"b","name":"g1","id":5.0,"dyProps":{"currentNectar":0.0,"maxNectar":2.0,"currentEnergy":8.0,"maxEnergy":8.0}}],"worldCopy":{"startTime":1415826956220,"currentTime":1415827012345,"weather":0,"xPositions":0,"yPositions":0}},{"type":"touch","actor":5,"reactor":8,"objectsCopy":[{"type":"b","name":"g1","id":5.0,"dyProps":{"currentNectar":1.0,"maxNectar":2.0,"currentEnergy":7.0,"maxEnergy":8.0}},{"type":"f","name":"g2","id":8.0,"xPos":40.0,"yPos":10.0,"dyProps":{"currentNectar":3.0,"maxNectar":4.0,"range":8.0}}],"worldCopy":{"startTime":1415826956220,"currentTime":1415827015112,"weather":0,"xPositions":0,"yPositions":0}},{"type":"reduceEnergy","actor":-2,"reactor":-2,"objectsCopy":[{"type":"b","name":"g1","id":2.0,"dyProps":{"currentNectar":0.0,"maxNectar":2.0,"currentEnergy":1.0,"maxEnergy":8.0}},{"type":"b","name":"g1","id":3.0,"dyProps":{"currentNectar":0.0,"maxNectar":2.0,"currentEnergy":1.0,"maxEnergy":8.0}},{"type":"b","name":"g1","id":5.0,"dyProps":{"currentNectar":1.0,"maxNectar":2.0,"currentEnergy":6.0,"maxEnergy":8.0}},{"type":"b","name":"g1","id":6.0,"dyProps":{"currentNectar":0.0,"maxNectar":2.0,"currentEnergy":1.0,"maxEnergy":8.0}},{"type":"b","name":"g1","id":7.0,"dyProps":{"currentNectar":0.0,"maxNectar":2.0,"currentEnergy":1.0,"maxEnergy":8.0}}],"worldCopy":{"startTime":1415826956220,"currentTime":1415827019264,"weather":0,"xPositions":0,"yPositions":0}},{"type":"makeRain","actor":-4,"reactor":-3,"objectsCopy":[],"worldCopy":{"startTime":1415826956220,"currentTime":1415827022613,"weather":0,"xPositions":0,"yPositions":0}},{"type":"reduceNectar","actor":-3,"reactor":-3,"objectsCopy":[{"type":"h","name":"g1","id":1.0,"xPos":5.0,"yPos":10.0,"dyProps":{"currentNectar":2.0,"maxNectar":3.0}}],"worldCopy":{"startTime":1415826956220,"currentTime":1415827024613,"weather":0,"xPositions":0,"yPositions":0}},{"type":"touch","actor":5,"reactor":1,"objectsCopy":[{"type":"b","name":"g1","id":5.0,"dyProps":{"currentNectar":0.0,"maxNectar":2.0,"currentEnergy":5.0,"maxEnergy":8.0}},{"type":"h","name":"g1","id":1.0,"xPos":5.0,"yPos":10.0,"dyProps":{"currentNectar":3.0,"maxNectar":3.0}}],"worldCopy":{"startTime":1415826956220,"currentTime":1415827027033,"weather":0,"xPositions":0,"yPositions":0}},{"type":"reduceEnergy","actor":-2,"reactor":-2,"objectsCopy":[{"type":"b","name":"g1","id":2.0,"dyProps":{"currentNectar":0.0,"maxNectar":2.0,"currentEnergy":0.0,"maxEnergy":8.0}},{"type":"b","name":"g1","id":3.0,"dyProps":{"currentNectar":0.0,"maxNectar":2.0,"currentEnergy":0.0,"maxEnergy":8.0}},{"type":"b","name":"g1","id":5.0,"dyProps":{"currentNectar":0.0,"maxNectar":2.0,"currentEnergy":4.0,"maxEnergy":8.0}},{"type":"b","name":"g1","id":6.0,"dyProps":{"currentNectar":0.0,"maxNectar":2.0,"currentEnergy":0.0,"maxEnergy":8.0}},{"type":"b","name":"g1","id":7.0,"dyProps":{"currentNectar":0.0,"maxNectar":2.0,"currentEnergy":0.0,"maxEnergy":8.0}}],"worldCopy":{"startTime":1415826956220,"currentTime":1415827029269,"weather":0,"xPositions":0,"yPositions":0}},{"type":"reduceNectar","actor":-3,"reactor":-3,"objectsCopy":[{"type":"h","name":"g1","id":1.0,"xPos":5.0,"yPos":10.0,"dyProps":{"currentNectar":2.0,"maxNectar":3.0}}],"worldCopy":{"startTime":1415826956220,"currentTime":1415827029614,"weather":0,"xPositions":0,"yPositions":0}},{"type":"touch","actor":5,"reactor":8,"objectsCopy":[{"type":"b","name":"g1","id":5.0,"dyProps":{"currentNectar":1.0,"maxNectar":2.0,"currentEnergy":3.0,"maxEnergy":8.0}},{"type":"f","name":"g2","id":8.0,"xPos":40.0,"yPos":10.0,"dyProps":{"currentNectar":2.0,"maxNectar":4.0,"range":8.0}}],"worldCopy":{"startTime":1415826956220,"currentTime":1415827034486,"weather":0,"xPositions":0,"yPositions":0}},{"type":"reduceNectar","actor":-3,"reactor":-3,"objectsCopy":[{"type":"h","name":"g1","id":1.0,"xPos":5.0,"yPos":10.0,"dyProps":{"currentNectar":1.0,"maxNectar":3.0}}],"worldCopy":{"startTime":1415826956220,"currentTime":1415827034618,"weather":0,"xPositions":0,"yPositions":0}},{"type":"reduceEnergy","actor":-2,"reactor":-2,"objectsCopy":[{"type":"b","name":"g1","id":5.0,"dyProps":{"currentNectar":1.0,"maxNectar":2.0,"currentEnergy":2.0,"maxEnergy":8.0}}],"worldCopy":{"startTime":1415826956220,"currentTime":1415827039274,"weather":0,"xPositions":0,"yPositions":0}},{"type":"touch","actor":5,"reactor":8,"objectsCopy":[{"type":"b","name":"g1","id":5.0,"dyProps":{"currentNectar":2.0,"maxNectar":2.0,"currentEnergy":1.0,"maxEnergy":8.0}},{"type":"f","name":"g2","id":8.0,"xPos":40.0,"yPos":10.0,"dyProps":{"currentNectar":1.0,"maxNectar":4.0,"range":8.0}}],"worldCopy":{"startTime":1415826956220,"currentTime":1415827039407,"weather":0,"xPositions":0,"yPositions":0}},{"type":"reduceNectar","actor":-3,"reactor":-3,"objectsCopy":[{"type":"h","name":"g1","id":1.0,"xPos":5.0,"yPos":10.0,"dyProps":{"currentNectar":0.0,"maxNectar":3.0}}],"worldCopy":{"startTime":1415826956220,"currentTime":1415827039622,"weather":0,"xPositions":0,"yPositions":0}},{"type":"reduceEnergy","actor":-2,"reactor":-2,"objectsCopy":[{"type":"b","name":"g1","id":5.0,"dyProps":{"currentNectar":2.0,"maxNectar":2.0,"currentEnergy":0.0,"maxEnergy":8.0}}],"worldCopy":{"startTime":1415826956220,"currentTime":1415827049278,"weather":0,"xPositions":0,"yPositions":0}}],"allActors":[{"type":"energyWatcher","id":-2},{"type":"weatherWatcher","id":-3},{"type":"rainMaker","id":-4},{"type":"sunMaker","id":-5},{"type":"snowMaker","id":-6},{"type":"h","name":"g1","id":1,"xPos":5,"yPos":10,"dyProps":{"currentNectar":0,"maxNectar":3}},{"type":"b","name":"g1","id":2,"dyProps":{"currentNectar":0,"maxNectar":2,"currentEnergy":0,"maxEnergy":8}},{"type":"b","name":"g1","id":3,"dyProps":{"currentNectar":0,"maxNectar":2,"currentEnergy":0,"maxEnergy":8}},{"type":"b","name":"g1","id":4,"dyProps":{"currentNectar":0,"maxNectar":2,"currentEnergy":0,"maxEnergy":8}},{"type":"b","name":"g1","id":5,"dyProps":{"currentNectar":2,"maxNectar":2,"currentEnergy":0,"maxEnergy":8}},{"type":"b","name":"g1","id":6,"dyProps":{"currentNectar":0,"maxNectar":2,"currentEnergy":0,"maxEnergy":8}},{"type":"b","name":"g1","id":7,"dyProps":{"currentNectar":0,"maxNectar":2,"currentEnergy":0,"maxEnergy":8}},{"type":"f","name":"g2","id":8,"xPos":40,"yPos":10,"dyProps":{"currentNectar":1,"maxNectar":4,"range":8}}]},"gameStartTime":1415826956220,"spaceH":50,"gameHolder":"default","spaceW":50}